data(cora,edge0.5), model(none,gcn,no),        	 lr(0.01), wd(0.05), alpha(0.5), t(1.0), dt(0.1) 	perf: 85.49 $\pm$ 0.57
data(cora,edge0.5), model(none,gcn,no),        	 lr(0.01), wd(0.05), alpha(0.5), t(1.0), dt(0.1) 	perf: 84.17 $\pm$ 0.53
data(cora,edge0.5), model(none,gcn,no),        	 lr(0.01), wd(0.05), alpha(0.5), t(1.0), dt(0.1) 	perf: 85.49 $\pm$ 0.57
data(cora,edge0.5), model(none,gcn,gkd),        	 lr(0.01), wd(0.05), alpha(0.5), t(1.0), dt(0.1) 	perf: 88.12 $\pm$ 0.67
data(cora,edge0.5), model(none,gcn,gkd),        	 lr(0.01), wd(0.05), alpha(0.5), t(1.0), dt(0.1) 	perf: 88.09 $\pm$ 0.71
data(cora,edge0.5), model(none,gcn,no),        	 lr(0.01), wd(0.05), alpha(0.5), t(1.0), dt(0.1) 	perf: 85.49 $\pm$ 0.57
data(cora,edge0.5), model(none,gcn,gkd),        	 lr(0.01), wd(0.05), alpha(0.5), t(1.0), dt(0.1) 	perf: 88.15 $\pm$ 0.63
data(cora,edge0.5), model(none,gcn,label),        	 lr(0.005), wd(0.05), alpha(0.5), t(1.0), dt(0.1) 	perf: 1.41 $\pm$ nan
data(cora,edge0.5), model(none,gcn,gkd),        	 lr(0.005), wd(0.05), alpha(0.5), t(1.0), dt(0.1) 	perf: 2.44 $\pm$ nan
data(cora,edge0.5), model(none,gcn,gkd),        	 lr(0.005), wd(0.05), alpha(0.5), t(1.0), dt(0.1) 	perf: 6.62 $\pm$ nan
